gene,locus,drug,mutation,residue_pos,wt_aa,mut_aa,surveillance_score,is_transition,blosum62,grantham,delta_dG_proxy,inner_distance,charge_change,size_change,loss_of_hbond,mut_is_stop,primary_features
rpoB,Rv0667,rifampicin,D435Y,435,D,Y,0.99981767,0,-3,50,1.2814611398963733,0,1,0.42487046632124353,0,0,at core drug-binding residue; charge-changing mutation (may alter drug binding); large side-chain volume change (0.42)
embB,Rv3795,ethambutol,Y384D,384,Y,D,0.9997644,0,-3,50,1.2814611398963733,0,1,0.42487046632124353,0,0,at core drug-binding residue; charge-changing mutation (may alter drug binding); large side-chain volume change (0.42)
katG,Rv1908c,isoniazid,D282Y,282,D,Y,0.9996481,0,-3,50,1.2814611398963733,0,1,0.42487046632124353,0,0,at core drug-binding residue; charge-changing mutation (may alter drug binding); large side-chain volume change (0.42)
embB,Rv3795,ethambutol,Y416D,416,Y,D,0.99961436,0,-3,50,1.2814611398963733,0,1,0.42487046632124353,0,0,at core drug-binding residue; charge-changing mutation (may alter drug binding); large side-chain volume change (0.42)
katG,Rv1908c,isoniazid,H270Y,270,H,Y,0.9995865,1,-4,50,1.204176165803109,0,1,0.20725388601036268,0,0,at core drug-binding residue; charge-changing mutation (may alter drug binding); transition mutation (highly accessible in TB)
embB,Rv3795,ethambutol,Y384H,384,Y,H,0.99957055,1,-4,50,1.204176165803109,0,1,0.20725388601036268,0,0,at core drug-binding residue; charge-changing mutation (may alter drug binding); transition mutation (highly accessible in TB)
rpoB,Rv0667,rifampicin,H445Y,445,H,Y,0.99948645,1,-4,50,1.204176165803109,0,1,0.20725388601036268,0,0,at core drug-binding residue; charge-changing mutation (may alter drug binding); transition mutation (highly accessible in TB)
pncA,Rv2043c,pyrazinamide,H71Y,71,H,Y,0.99948645,1,-4,50,1.204176165803109,0,1,0.20725388601036268,0,0,at core drug-binding residue; charge-changing mutation (may alter drug binding); transition mutation (highly accessible in TB)
katG,Rv1908c,isoniazid,G273V,273,G,V,0.99944574,0,-4,50,1.3894285714285717,0,0,0.5714285714285714,0,0,at core drug-binding residue; large side-chain volume change (0.57)
embB,Rv3795,ethambutol,Y425D,425,Y,D,0.9994388,0,-3,50,1.2814611398963733,0,1,0.42487046632124353,0,0,at core drug-binding residue; charge-changing mutation (may alter drug binding); large side-chain volume change (0.42)
katG,Rv1908c,isoniazid,H276Y,276,H,Y,0.9994374,1,-4,50,1.204176165803109,0,1,0.20725388601036268,0,0,at core drug-binding residue; charge-changing mutation (may alter drug binding); transition mutation (highly accessible in TB)
embB,Rv3795,ethambutol,Y416H,416,Y,H,0.9994374,1,-4,50,1.204176165803109,0,1,0.20725388601036268,0,0,at core drug-binding residue; charge-changing mutation (may alter drug binding); transition mutation (highly accessible in TB)
embB,Rv3795,ethambutol,G406V,406,G,V,0.9994167,0,-4,50,1.3894285714285717,0,0,0.5714285714285714,0,0,at core drug-binding residue; large side-chain volume change (0.57)
pncA,Rv2043c,pyrazinamide,Y64D,64,Y,D,0.999405,0,-3,50,1.2814611398963733,0,1,0.42487046632124353,0,0,at core drug-binding residue; charge-changing mutation (may alter drug binding); large side-chain volume change (0.42)
pncA,Rv2043c,pyrazinamide,D63Y,63,D,Y,0.999405,0,-3,50,1.2814611398963733,0,1,0.42487046632124353,0,0,at core drug-binding residue; charge-changing mutation (may alter drug binding); large side-chain volume change (0.42)
rpsL,Rv0682,streptomycin,N46Y,46,N,Y,0.9993568,0,-2,50,0.66679792746114,0,0,0.40932642487046633,0,0,at core drug-binding residue; large side-chain volume change (0.41)
rpoB,Rv0667,rifampicin,S431I,431,S,I,0.99932075,0,-4,50,1.462119760479042,0,0,0.46706586826347307,1,0,at core drug-binding residue; large side-chain volume change (0.47)
embB,Rv3795,ethambutol,I407S,407,I,S,0.99932075,0,-4,50,1.462119760479042,0,0,0.46706586826347307,1,0,at core drug-binding residue; large side-chain volume change (0.47)
embB,Rv3795,ethambutol,I408S,408,I,S,0.99932075,0,-4,50,1.462119760479042,0,0,0.46706586826347307,1,0,at core drug-binding residue; large side-chain volume change (0.47)
embB,Rv3795,ethambutol,Y334D,334,Y,D,0.9992899,0,-3,50,1.2814611398963733,0,1,0.42487046632124353,0,0,at core drug-binding residue; charge-changing mutation (may alter drug binding); large side-chain volume change (0.42)
embB,Rv3795,ethambutol,D354Y,354,D,Y,0.9992899,0,-3,50,1.2814611398963733,0,1,0.42487046632124353,0,0,at core drug-binding residue; charge-changing mutation (may alter drug binding); large side-chain volume change (0.42)
embB,Rv3795,ethambutol,D345Y,345,D,Y,0.9992899,0,-3,50,1.2814611398963733,0,1,0.42487046632124353,0,0,at core drug-binding residue; charge-changing mutation (may alter drug binding); large side-chain volume change (0.42)
embB,Rv3795,ethambutol,D328Y,328,D,Y,0.9992899,0,-3,50,1.2814611398963733,0,1,0.42487046632124353,0,0,at core drug-binding residue; charge-changing mutation (may alter drug binding); large side-chain volume change (0.42)
rpsL,Rv0682,streptomycin,Y38D,38,Y,D,0.9992899,0,-3,50,1.2814611398963733,0,1,0.42487046632124353,0,0,at core drug-binding residue; charge-changing mutation (may alter drug binding); large side-chain volume change (0.42)
embB,Rv3795,ethambutol,Y319D,319,Y,D,0.9992899,0,-3,50,1.2814611398963733,0,1,0.42487046632124353,0,0,at core drug-binding residue; charge-changing mutation (may alter drug binding); large side-chain volume change (0.42)
pncA,Rv2043c,pyrazinamide,D56Y,56,D,Y,0.9992899,0,-3,50,1.2814611398963733,0,1,0.42487046632124353,0,0,at core drug-binding residue; charge-changing mutation (may alter drug binding); large side-chain volume change (0.42)
embB,Rv3795,ethambutol,Y333D,333,Y,D,0.9992899,0,-3,50,1.2814611398963733,0,1,0.42487046632124353,0,0,at core drug-binding residue; charge-changing mutation (may alter drug binding); large side-chain volume change (0.42)
rpoB,Rv0667,rifampicin,G426V,426,G,V,0.99928397,0,-4,50,1.3894285714285717,0,0,0.5714285714285714,0,0,at core drug-binding residue; large side-chain volume change (0.57)
embB,Rv3795,ethambutol,G401V,401,G,V,0.99928397,0,-4,50,1.3894285714285717,0,0,0.5714285714285714,0,0,at core drug-binding residue; large side-chain volume change (0.57)
embB,Rv3795,ethambutol,V390G,390,V,G,0.99928397,0,-4,50,1.3894285714285717,0,0,0.5714285714285714,0,0,at core drug-binding residue; large side-chain volume change (0.57)
pncA,Rv2043c,pyrazinamide,D53Y,53,D,Y,0.9992693,0,-3,50,1.2814611398963733,0,1,0.42487046632124353,0,0,at core drug-binding residue; charge-changing mutation (may alter drug binding); large side-chain volume change (0.42)
embB,Rv3795,ethambutol,D311Y,311,D,Y,0.9992693,0,-3,50,1.2814611398963733,0,1,0.42487046632124353,0,0,at core drug-binding residue; charge-changing mutation (may alter drug binding); large side-chain volume change (0.42)
embB,Rv3795,ethambutol,Y315D,315,Y,D,0.9992693,0,-3,50,1.2814611398963733,0,1,0.42487046632124353,0,0,at core drug-binding residue; charge-changing mutation (may alter drug binding); large side-chain volume change (0.42)
katG,Rv1908c,isoniazid,F272V,272,F,V,0.99920756,0,-4,50,0.5729473684210526,0,0,0.2631578947368421,0,0,at core drug-binding residue
rpoB,Rv0667,rifampicin,F433V,433,F,V,0.99920756,0,-4,50,0.5729473684210526,0,0,0.2631578947368421,0,0,at core drug-binding residue
embB,Rv3795,ethambutol,Y425H,425,Y,H,0.9991986,1,-4,50,1.204176165803109,0,1,0.20725388601036268,0,0,at core drug-binding residue; charge-changing mutation (may alter drug binding); transition mutation (highly accessible in TB)
rpoB,Rv0667,rifampicin,M434V,434,M,V,0.9991823,1,-4,50,0.7803312883435582,0,0,0.1411042944785276,0,0,at core drug-binding residue; transition mutation (highly accessible in TB)
katG,Rv1908c,isoniazid,V284G,284,V,G,0.99916065,0,-4,50,1.3894285714285717,0,0,0.5714285714285714,0,0,at core drug-binding residue; large side-chain volume change (0.57)
katG,Rv1908c,isoniazid,G285V,285,G,V,0.99916065,0,-4,50,1.3894285714285717,0,0,0.5714285714285714,0,0,at core drug-binding residue; large side-chain volume change (0.57)
embB,Rv3795,ethambutol,V417G,417,V,G,0.99916065,0,-4,50,1.3894285714285717,0,0,0.5714285714285714,0,0,at core drug-binding residue; large side-chain volume change (0.57)
embB,Rv3795,ethambutol,N400Y,400,N,Y,0.99913245,0,-2,50,0.66679792746114,0,0,0.40932642487046633,0,0,at core drug-binding residue; large side-chain volume change (0.41)
embB,Rv3795,ethambutol,N399Y,399,N,Y,0.99913245,0,-2,50,0.66679792746114,0,0,0.40932642487046633,0,0,at core drug-binding residue; large side-chain volume change (0.41)
rpoB,Rv0667,rifampicin,S428I,428,S,I,0.99912244,0,-4,50,1.462119760479042,0,0,0.46706586826347307,1,0,at core drug-binding residue; large side-chain volume change (0.47)
katG,Rv1908c,isoniazid,G279V,279,G,V,0.9990803,0,-4,50,1.3894285714285717,0,0,0.5714285714285714,0,0,at core drug-binding residue; large side-chain volume change (0.57)
katG,Rv1908c,isoniazid,G277V,277,G,V,0.9990803,0,-4,50,1.3894285714285717,0,0,0.5714285714285714,0,0,at core drug-binding residue; large side-chain volume change (0.57)
embB,Rv3795,ethambutol,G411V,411,G,V,0.9990803,0,-4,50,1.3894285714285717,0,0,0.5714285714285714,0,0,at core drug-binding residue; large side-chain volume change (0.57)
rpoB,Rv0667,rifampicin,G442V,442,G,V,0.9990803,0,-4,50,1.3894285714285717,0,0,0.5714285714285714,0,0,at core drug-binding residue; large side-chain volume change (0.57)
embB,Rv3795,ethambutol,V414G,414,V,G,0.9990803,0,-4,50,1.3894285714285717,0,0,0.5714285714285714,0,0,at core drug-binding residue; large side-chain volume change (0.57)
embB,Rv3795,ethambutol,Y384N,384,Y,N,0.9990626,0,-2,50,0.66679792746114,0,0,0.40932642487046633,0,0,at core drug-binding residue; large side-chain volume change (0.41)
embB,Rv3795,ethambutol,I419S,419,I,S,0.99905306,0,-4,50,1.462119760479042,0,0,0.46706586826347307,1,0,at core drug-binding residue; large side-chain volume change (0.47)
embB,Rv3795,ethambutol,S422Y,422,S,Y,0.99896884,0,-4,50,0.47765803108808297,0,0,0.538860103626943,0,0,at core drug-binding residue; large side-chain volume change (0.54)
pncA,Rv2043c,pyrazinamide,Y64H,64,Y,H,0.9989641,1,-4,50,1.204176165803109,0,1,0.20725388601036268,0,0,at core drug-binding residue; charge-changing mutation (may alter drug binding); transition mutation (highly accessible in TB)
embB,Rv3795,ethambutol,M396V,396,M,V,0.9989436,1,-4,50,0.7803312883435582,0,0,0.1411042944785276,0,0,at core drug-binding residue; transition mutation (highly accessible in TB)
embB,Rv3795,ethambutol,M389V,389,M,V,0.9989436,1,-4,50,0.7803312883435582,0,0,0.1411042944785276,0,0,at core drug-binding residue; transition mutation (highly accessible in TB)
embB,Rv3795,ethambutol,F398V,398,F,V,0.9989312,0,-4,50,0.5729473684210526,0,0,0.2631578947368421,0,0,at core drug-binding residue
embB,Rv3795,ethambutol,V390F,390,V,F,0.9989312,0,-4,50,0.5729473684210526,0,0,0.2631578947368421,0,0,at core drug-binding residue
rpoB,Rv0667,rifampicin,S450W,450,S,W,0.99890995,0,-4,50,0.46489473684210525,0,0,0.6096491228070176,0,0,at core drug-binding residue; large side-chain volume change (0.61)
embB,Rv3795,ethambutol,H312Y,312,H,Y,0.9988801,1,-4,50,1.204176165803109,0,1,0.20725388601036268,0,0,at core drug-binding residue; charge-changing mutation (may alter drug binding); transition mutation (highly accessible in TB)
embB,Rv3795,ethambutol,Y315H,315,Y,H,0.9988801,1,-4,50,1.204176165803109,0,1,0.20725388601036268,0,0,at core drug-binding residue; charge-changing mutation (may alter drug binding); transition mutation (highly accessible in TB)
embB,Rv3795,ethambutol,Y416S,416,Y,S,0.9988701,0,-4,50,0.47765803108808297,0,0,0.538860103626943,0,0,at core drug-binding residue; large side-chain volume change (0.54)
rpoB,Rv0667,rifampicin,N438Y,438,N,Y,0.9988606,0,-2,50,0.66679792746114,0,0,0.40932642487046633,0,0,at core drug-binding residue; large side-chain volume change (0.41)
embB,Rv3795,ethambutol,Y416N,416,Y,N,0.9988606,0,-2,50,0.66679792746114,0,0,0.40932642487046633,0,0,at core drug-binding residue; large side-chain volume change (0.41)
rpoB,Rv0667,rifampicin,N437Y,437,N,Y,0.9988606,0,-2,50,0.66679792746114,0,0,0.40932642487046633,0,0,at core drug-binding residue; large side-chain volume change (0.41)
rpsL,Rv0682,streptomycin,Y38H,38,Y,H,0.998814,1,-4,50,1.204176165803109,0,1,0.20725388601036268,0,0,at core drug-binding residue; charge-changing mutation (may alter drug binding); transition mutation (highly accessible in TB)
embB,Rv3795,ethambutol,Y334H,334,Y,H,0.998814,1,-4,50,1.204176165803109,0,1,0.20725388601036268,0,0,at core drug-binding residue; charge-changing mutation (may alter drug binding); transition mutation (highly accessible in TB)
embB,Rv3795,ethambutol,Y319H,319,Y,H,0.998814,1,-4,50,1.204176165803109,0,1,0.20725388601036268,0,0,at core drug-binding residue; charge-changing mutation (may alter drug binding); transition mutation (highly accessible in TB)
embB,Rv3795,ethambutol,Y333H,333,Y,H,0.998814,1,-4,50,1.204176165803109,0,1,0.20725388601036268,0,0,at core drug-binding residue; charge-changing mutation (may alter drug binding); transition mutation (highly accessible in TB)
embB,Rv3795,ethambutol,H342Y,342,H,Y,0.998814,1,-4,50,1.204176165803109,0,1,0.20725388601036268,0,0,at core drug-binding residue; charge-changing mutation (may alter drug binding); transition mutation (highly accessible in TB)
pncA,Rv2043c,pyrazinamide,H57Y,57,H,Y,0.998814,1,-4,50,1.204176165803109,0,1,0.20725388601036268,0,0,at core drug-binding residue; charge-changing mutation (may alter drug binding); transition mutation (highly accessible in TB)
rpsL,Rv0682,streptomycin,S47W,47,S,W,0.99880576,0,-4,50,0.46489473684210525,0,0,0.6096491228070176,0,0,at core drug-binding residue; large side-chain volume change (0.61)
rpoB,Rv0667,rifampicin,S441W,441,S,W,0.99880576,0,-4,50,0.46489473684210525,0,0,0.6096491228070176,0,0,at core drug-binding residue; large side-chain volume change (0.61)
embB,Rv3795,ethambutol,S412W,412,S,W,0.99880576,0,-4,50,0.46489473684210525,0,0,0.6096491228070176,0,0,at core drug-binding residue; large side-chain volume change (0.61)
katG,Rv1908c,isoniazid,V284F,284,V,F,0.9987546,0,-4,50,0.5729473684210526,0,0,0.2631578947368421,0,0,at core drug-binding residue
embB,Rv3795,ethambutol,V417M,417,V,M,0.99864215,1,-4,50,0.7803312883435582,0,0,0.1411042944785276,0,0,at core drug-binding residue; transition mutation (highly accessible in TB)
pncA,Rv2043c,pyrazinamide,S67W,67,S,W,0.998629,0,-4,50,0.46489473684210525,0,0,0.6096491228070176,0,0,at core drug-binding residue; large side-chain volume change (0.61)
embB,Rv3795,ethambutol,W395S,395,W,S,0.998629,0,-4,50,0.46489473684210525,0,0,0.6096491228070176,0,0,at core drug-binding residue; large side-chain volume change (0.61)
pncA,Rv2043c,pyrazinamide,S66W,66,S,W,0.998629,0,-4,50,0.46489473684210525,0,0,0.6096491228070176,0,0,at core drug-binding residue; large side-chain volume change (0.61)
pncA,Rv2043c,pyrazinamide,W68S,68,W,S,0.998629,0,-4,50,0.46489473684210525,0,0,0.6096491228070176,0,0,at core drug-binding residue; large side-chain volume change (0.61)
embB,Rv3795,ethambutol,W385S,385,W,S,0.998629,0,-4,50,0.46489473684210525,0,0,0.6096491228070176,0,0,at core drug-binding residue; large side-chain volume change (0.61)
embB,Rv3795,ethambutol,S426I,426,S,I,0.9986265,0,-4,50,1.462119760479042,0,0,0.46706586826347307,1,0,at core drug-binding residue; large side-chain volume change (0.47)
embB,Rv3795,ethambutol,Y425S,425,Y,S,0.998588,0,-4,50,0.47765803108808297,0,0,0.538860103626943,0,0,at core drug-binding residue; large side-chain volume change (0.54)
embB,Rv3795,ethambutol,M423V,423,M,V,0.9985821,1,-4,50,0.7803312883435582,0,0,0.1411042944785276,0,0,at core drug-binding residue; transition mutation (highly accessible in TB)
embB,Rv3795,ethambutol,V414F,414,V,F,0.99857914,0,-4,50,0.5729473684210526,0,0,0.2631578947368421,0,0,at core drug-binding residue
embB,Rv3795,ethambutol,Y425N,425,Y,N,0.99851316,0,-2,50,0.66679792746114,0,0,0.40932642487046633,0,0,at core drug-binding residue; large side-chain volume change (0.41)
embB,Rv3795,ethambutol,A383V,383,A,V,0.99845684,1,0,64,0.6612857142857144,0,0,0.36428571428571427,0,0,at core drug-binding residue; transition mutation (highly accessible in TB); large side-chain volume change (0.36); chemically similar (BLOSUM62=0)
embB,Rv3795,ethambutol,A387V,387,A,V,0.99845684,1,0,64,0.6612857142857144,0,0,0.36428571428571427,0,0,at core drug-binding residue; transition mutation (highly accessible in TB); large side-chain volume change (0.36); chemically similar (BLOSUM62=0)
embB,Rv3795,ethambutol,A394V,394,A,V,0.99845684,1,0,64,0.6612857142857144,0,0,0.36428571428571427,0,0,at core drug-binding residue; transition mutation (highly accessible in TB); large side-chain volume change (0.36); chemically similar (BLOSUM62=0)
embB,Rv3795,ethambutol,A388V,388,A,V,0.99845684,1,0,64,0.6612857142857144,0,0,0.36428571428571427,0,0,at core drug-binding residue; transition mutation (highly accessible in TB); large side-chain volume change (0.36); chemically similar (BLOSUM62=0)
embB,Rv3795,ethambutol,A386V,386,A,V,0.99845684,1,0,64,0.6612857142857144,0,0,0.36428571428571427,0,0,at core drug-binding residue; transition mutation (highly accessible in TB); large side-chain volume change (0.36); chemically similar (BLOSUM62=0)
embB,Rv3795,ethambutol,V390A,390,V,A,0.99845684,1,0,64,0.6612857142857144,0,0,0.36428571428571427,0,0,at core drug-binding residue; transition mutation (highly accessible in TB); large side-chain volume change (0.36); chemically similar (BLOSUM62=0)
embB,Rv3795,ethambutol,V377G,377,V,G,0.9982969,0,-4,50,1.3894285714285717,0,0,0.5714285714285714,0,0,at core drug-binding residue; large side-chain volume change (0.57)
embB,Rv3795,ethambutol,G374V,374,G,V,0.9982969,0,-4,50,1.3894285714285717,0,0,0.5714285714285714,0,0,at core drug-binding residue; large side-chain volume change (0.57)
pncA,Rv2043c,pyrazinamide,S65Y,65,S,Y,0.9982516,0,-4,50,0.47765803108808297,0,0,0.538860103626943,0,0,at core drug-binding residue; large side-chain volume change (0.54)
embB,Rv3795,ethambutol,Y384S,384,Y,S,0.9982516,0,-4,50,0.47765803108808297,0,0,0.538860103626943,0,0,at core drug-binding residue; large side-chain volume change (0.54)
embB,Rv3795,ethambutol,V369G,369,V,G,0.998073,0,-4,50,1.3894285714285717,0,0,0.5714285714285714,0,0,at core drug-binding residue; large side-chain volume change (0.57)
pncA,Rv2043c,pyrazinamide,S67L,67,S,L,0.99802965,1,-4,50,1.3481197604790418,0,0,0.46706586826347307,1,0,at core drug-binding residue; transition mutation (highly accessible in TB); large side-chain volume change (0.47)
embB,Rv3795,ethambutol,L391S,391,L,S,0.99802965,1,-4,50,1.3481197604790418,0,0,0.46706586826347307,1,0,at core drug-binding residue; transition mutation (highly accessible in TB); large side-chain volume change (0.47)
pncA,Rv2043c,pyrazinamide,S66L,66,S,L,0.99802965,1,-4,50,1.3481197604790418,0,0,0.46706586826347307,1,0,at core drug-binding residue; transition mutation (highly accessible in TB); large side-chain volume change (0.47)
embB,Rv3795,ethambutol,V360G,360,V,G,0.99802834,0,-4,50,1.3894285714285717,0,0,0.5714285714285714,0,0,at core drug-binding residue; large side-chain volume change (0.57)
pncA,Rv2043c,pyrazinamide,G55V,55,G,V,0.9979678,0,-4,50,1.3894285714285717,0,0,0.5714285714285714,0,0,at core drug-binding residue; large side-chain volume change (0.57)
embB,Rv3795,ethambutol,G324V,324,G,V,0.9979678,0,-4,50,1.3894285714285717,0,0,0.5714285714285714,0,0,at core drug-binding residue; large side-chain volume change (0.57)
pncA,Rv2043c,pyrazinamide,G60V,60,G,V,0.9979678,0,-4,50,1.3894285714285717,0,0,0.5714285714285714,0,0,at core drug-binding residue; large side-chain volume change (0.57)
rpsL,Rv0682,streptomycin,V37G,37,V,G,0.9979678,0,-4,50,1.3894285714285717,0,0,0.5714285714285714,0,0,at core drug-binding residue; large side-chain volume change (0.57)
embB,Rv3795,ethambutol,G358V,358,G,V,0.9979678,0,-4,50,1.3894285714285717,0,0,0.5714285714285714,0,0,at core drug-binding residue; large side-chain volume change (0.57)
embB,Rv3795,ethambutol,V343G,343,V,G,0.9979678,0,-4,50,1.3894285714285717,0,0,0.5714285714285714,0,0,at core drug-binding residue; large side-chain volume change (0.57)
embB,Rv3795,ethambutol,G331V,331,G,V,0.9979678,0,-4,50,1.3894285714285717,0,0,0.5714285714285714,0,0,at core drug-binding residue; large side-chain volume change (0.57)
embB,Rv3795,ethambutol,V309G,309,V,G,0.99790895,0,-4,50,1.3894285714285717,0,0,0.5714285714285714,0,0,at core drug-binding residue; large side-chain volume change (0.57)
embB,Rv3795,ethambutol,G314V,314,G,V,0.99790895,0,-4,50,1.3894285714285717,0,0,0.5714285714285714,0,0,at core drug-binding residue; large side-chain volume change (0.57)
embB,Rv3795,ethambutol,S380I,380,S,I,0.99786854,0,-4,50,1.462119760479042,0,0,0.46706586826347307,1,0,at core drug-binding residue; large side-chain volume change (0.47)
rpoB,Rv0667,rifampicin,S450L,450,S,L,0.99781203,1,-4,50,1.3481197604790418,0,0,0.46706586826347307,1,0,at core drug-binding residue; transition mutation (highly accessible in TB); large side-chain volume change (0.47)
embB,Rv3795,ethambutol,V417A,417,V,A,0.9977416,1,0,64,0.6612857142857144,0,0,0.36428571428571427,0,0,at core drug-binding residue; transition mutation (highly accessible in TB); large side-chain volume change (0.36); chemically similar (BLOSUM62=0)
katG,Rv1908c,isoniazid,A281V,281,A,V,0.9977416,1,0,64,0.6612857142857144,0,0,0.36428571428571427,0,0,at core drug-binding residue; transition mutation (highly accessible in TB); large side-chain volume change (0.36); chemically similar (BLOSUM62=0)
katG,Rv1908c,isoniazid,V284A,284,V,A,0.9977416,1,0,64,0.6612857142857144,0,0,0.36428571428571427,0,0,at core drug-binding residue; transition mutation (highly accessible in TB); large side-chain volume change (0.36); chemically similar (BLOSUM62=0)
rpoB,Rv0667,rifampicin,A451V,451,A,V,0.9977416,1,0,64,0.6612857142857144,0,0,0.36428571428571427,0,0,at core drug-binding residue; transition mutation (highly accessible in TB); large side-chain volume change (0.36); chemically similar (BLOSUM62=0)
embB,Rv3795,ethambutol,V377M,377,V,M,0.99770904,1,-4,50,0.7803312883435582,0,0,0.1411042944785276,0,0,at core drug-binding residue; transition mutation (highly accessible in TB)
embB,Rv3795,ethambutol,M306V,306,M,V,0.9976217,1,-4,50,0.7803312883435582,0,0,0.1411042944785276,0,0,at core drug-binding residue; transition mutation (highly accessible in TB)
embB,Rv3795,ethambutol,M316V,316,M,V,0.9976217,1,-4,50,0.7803312883435582,0,0,0.1411042944785276,0,0,at core drug-binding residue; transition mutation (highly accessible in TB)
rpoB,Rv0667,rifampicin,L443S,443,L,S,0.997603,1,-4,50,1.3481197604790418,0,0,0.46706586826347307,1,0,at core drug-binding residue; transition mutation (highly accessible in TB); large side-chain volume change (0.47)
rpoB,Rv0667,rifampicin,S441L,441,S,L,0.997603,1,-4,50,1.3481197604790418,0,0,0.46706586826347307,1,0,at core drug-binding residue; transition mutation (highly accessible in TB); large side-chain volume change (0.47)
rpsL,Rv0682,streptomycin,S47L,47,S,L,0.997603,1,-4,50,1.3481197604790418,0,0,0.46706586826347307,1,0,at core drug-binding residue; transition mutation (highly accessible in TB); large side-chain volume change (0.47)
embB,Rv3795,ethambutol,S412L,412,S,L,0.997603,1,-4,50,1.3481197604790418,0,0,0.46706586826347307,1,0,at core drug-binding residue; transition mutation (highly accessible in TB); large side-chain volume change (0.47)
pncA,Rv2043c,pyrazinamide,Y64N,64,Y,N,0.9975331,0,-2,50,0.66679792746114,0,0,0.40932642487046633,0,0,at core drug-binding residue; large side-chain volume change (0.41)
embB,Rv3795,ethambutol,V414A,414,V,A,0.9975259,1,0,64,0.6612857142857144,0,0,0.36428571428571427,0,0,at core drug-binding residue; transition mutation (highly accessible in TB); large side-chain volume change (0.36); chemically similar (BLOSUM62=0)
embB,Rv3795,ethambutol,A409V,409,A,V,0.9975259,1,0,64,0.6612857142857144,0,0,0.36428571428571427,0,0,at core drug-binding residue; transition mutation (highly accessible in TB); large side-chain volume change (0.36); chemically similar (BLOSUM62=0)
katG,Rv1908c,isoniazid,A278V,278,A,V,0.9975259,1,0,64,0.6612857142857144,0,0,0.36428571428571427,0,0,at core drug-binding residue; transition mutation (highly accessible in TB); large side-chain volume change (0.36); chemically similar (BLOSUM62=0)
embB,Rv3795,ethambutol,V369M,369,V,M,0.9975134,1,-4,50,0.7803312883435582,0,0,0.1411042944785276,0,0,at core drug-binding residue; transition mutation (highly accessible in TB)
embB,Rv3795,ethambutol,V360M,360,V,M,0.9975134,1,-4,50,0.7803312883435582,0,0,0.1411042944785276,0,0,at core drug-binding residue; transition mutation (highly accessible in TB)
embB,Rv3795,ethambutol,S344I,344,S,I,0.99745685,0,-4,50,1.462119760479042,0,0,0.46706586826347307,1,0,at core drug-binding residue; large side-chain volume change (0.47)
embB,Rv3795,ethambutol,S325I,325,S,I,0.99745685,0,-4,50,1.462119760479042,0,0,0.46706586826347307,1,0,at core drug-binding residue; large side-chain volume change (0.47)
embB,Rv3795,ethambutol,S347I,347,S,I,0.99745685,0,-4,50,1.462119760479042,0,0,0.46706586826347307,1,0,at core drug-binding residue; large side-chain volume change (0.47)
embB,Rv3795,ethambutol,M350V,350,M,V,0.997437,1,-4,50,0.7803312883435582,0,0,0.1411042944785276,0,0,at core drug-binding residue; transition mutation (highly accessible in TB)
embB,Rv3795,ethambutol,M340V,340,M,V,0.997437,1,-4,50,0.7803312883435582,0,0,0.1411042944785276,0,0,at core drug-binding residue; transition mutation (highly accessible in TB)
rpsL,Rv0682,streptomycin,V37M,37,V,M,0.997437,1,-4,50,0.7803312883435582,0,0,0.1411042944785276,0,0,at core drug-binding residue; transition mutation (highly accessible in TB)
pncA,Rv2043c,pyrazinamide,I52S,52,I,S,0.9973833,0,-4,50,1.462119760479042,0,0,0.46706586826347307,1,0,at core drug-binding residue; large side-chain volume change (0.47)
embB,Rv3795,ethambutol,Y334N,334,Y,N,0.99705684,0,-2,50,0.66679792746114,0,0,0.40932642487046633,0,0,at core drug-binding residue; large side-chain volume change (0.41)
embB,Rv3795,ethambutol,Y315N,315,Y,N,0.99705684,0,-2,50,0.66679792746114,0,0,0.40932642487046633,0,0,at core drug-binding residue; large side-chain volume change (0.41)
embB,Rv3795,ethambutol,N318Y,318,N,Y,0.99705684,0,-2,50,0.66679792746114,0,0,0.40932642487046633,0,0,at core drug-binding residue; large side-chain volume change (0.41)
embB,Rv3795,ethambutol,Y319N,319,Y,N,0.99705684,0,-2,50,0.66679792746114,0,0,0.40932642487046633,0,0,at core drug-binding residue; large side-chain volume change (0.41)
embB,Rv3795,ethambutol,N335Y,335,N,Y,0.99705684,0,-2,50,0.66679792746114,0,0,0.40932642487046633,0,0,at core drug-binding residue; large side-chain volume change (0.41)
rpsL,Rv0682,streptomycin,Y38N,38,Y,N,0.99705684,0,-2,50,0.66679792746114,0,0,0.40932642487046633,0,0,at core drug-binding residue; large side-chain volume change (0.41)
embB,Rv3795,ethambutol,Y333N,333,Y,N,0.99705684,0,-2,50,0.66679792746114,0,0,0.40932642487046633,0,0,at core drug-binding residue; large side-chain volume change (0.41)
pncA,Rv2043c,pyrazinamide,D12Y,12,D,Y,0.9970055,0,-3,50,1.2814611398963733,0,1,0.42487046632124353,0,0,at core drug-binding residue; charge-changing mutation (may alter drug binding); large side-chain volume change (0.42)
gyrA,Rv0006,fluoroquinolones,D89Y,89,D,Y,0.9970055,0,-3,50,1.2814611398963733,0,1,0.42487046632124353,0,0,at core drug-binding residue; charge-changing mutation (may alter drug binding); large side-chain volume change (0.42)
pncA,Rv2043c,pyrazinamide,D8Y,8,D,Y,0.9970055,0,-3,50,1.2814611398963733,0,1,0.42487046632124353,0,0,at core drug-binding residue; charge-changing mutation (may alter drug binding); large side-chain volume change (0.42)
gyrA,Rv0006,fluoroquinolones,Y84D,84,Y,D,0.9970055,0,-3,50,1.2814611398963733,0,1,0.42487046632124353,0,0,at core drug-binding residue; charge-changing mutation (may alter drug binding); large side-chain volume change (0.42)
gyrA,Rv0006,fluoroquinolones,D94Y,94,D,Y,0.9969994,0,-3,50,1.2814611398963733,0,1,0.42487046632124353,0,0,at core drug-binding residue; charge-changing mutation (may alter drug binding); large side-chain volume change (0.42)
rpsL,Rv0682,streptomycin,A48V,48,A,V,0.99666923,1,0,64,0.6612857142857144,0,0,0.36428571428571427,0,0,at core drug-binding residue; transition mutation (highly accessible in TB); large side-chain volume change (0.36); chemically similar (BLOSUM62=0)
gyrA,Rv0006,fluoroquinolones,Y93D,93,Y,D,0.99661213,0,-3,50,1.2814611398963733,0,1,0.42487046632124353,0,0,at core drug-binding residue; charge-changing mutation (may alter drug binding); large side-chain volume change (0.42)
embB,Rv3795,ethambutol,F320V,320,F,V,0.9962656,0,-4,50,0.5729473684210526,0,0,0.2631578947368421,0,0,at core drug-binding residue
embB,Rv3795,ethambutol,F330V,330,F,V,0.9962656,0,-4,50,0.5729473684210526,0,0,0.2631578947368421,0,0,at core drug-binding residue
embB,Rv3795,ethambutol,F323V,323,F,V,0.9962656,0,-4,50,0.5729473684210526,0,0,0.2631578947368421,0,0,at core drug-binding residue
embB,Rv3795,ethambutol,V343F,343,V,F,0.9962656,0,-4,50,0.5729473684210526,0,0,0.2631578947368421,0,0,at core drug-binding residue
pncA,Rv2043c,pyrazinamide,F58V,58,F,V,0.9962656,0,-4,50,0.5729473684210526,0,0,0.2631578947368421,0,0,at core drug-binding residue
embB,Rv3795,ethambutol,A379V,379,A,V,0.99626213,1,0,64,0.6612857142857144,0,0,0.36428571428571427,0,0,at core drug-binding residue; transition mutation (highly accessible in TB); large side-chain volume change (0.36); chemically similar (BLOSUM62=0)
embB,Rv3795,ethambutol,A376V,376,A,V,0.99626213,1,0,64,0.6612857142857144,0,0,0.36428571428571427,0,0,at core drug-binding residue; transition mutation (highly accessible in TB); large side-chain volume change (0.36); chemically similar (BLOSUM62=0)
embB,Rv3795,ethambutol,V377A,377,V,A,0.99626213,1,0,64,0.6612857142857144,0,0,0.36428571428571427,0,0,at core drug-binding residue; transition mutation (highly accessible in TB); large side-chain volume change (0.36); chemically similar (BLOSUM62=0)
embB,Rv3795,ethambutol,V309F,309,V,F,0.9961577,0,-4,50,0.5729473684210526,0,0,0.2631578947368421,0,0,at core drug-binding residue
embB,Rv3795,ethambutol,G406D,406,G,D,0.9959313,1,-1,50,1.3958378378378382,0,1,0.4594594594594595,1,0,at core drug-binding residue; charge-changing mutation (may alter drug binding); transition mutation (highly accessible in TB); large side-chain volume change (0.46)
katG,Rv1908c,isoniazid,G273D,273,G,D,0.9959313,1,-1,50,1.3958378378378382,0,1,0.4594594594594595,1,0,at core drug-binding residue; charge-changing mutation (may alter drug binding); transition mutation (highly accessible in TB); large side-chain volume change (0.46)
embB,Rv3795,ethambutol,S366W,366,S,W,0.9958935,0,-4,50,0.46489473684210525,0,0,0.6096491228070176,0,0,at core drug-binding residue; large side-chain volume change (0.61)
embB,Rv3795,ethambutol,W362S,362,W,S,0.99579865,0,-4,50,0.46489473684210525,0,0,0.6096491228070176,0,0,at core drug-binding residue; large side-chain volume change (0.61)
rpoB,Rv0667,rifampicin,F433S,433,F,S,0.9957793,1,-4,50,1.1514736842105262,0,0,0.531578947368421,1,0,at core drug-binding residue; transition mutation (highly accessible in TB); large side-chain volume change (0.53)
katG,Rv1908c,isoniazid,F272S,272,F,S,0.9957793,1,-4,50,1.1514736842105262,0,0,0.531578947368421,1,0,at core drug-binding residue; transition mutation (highly accessible in TB); large side-chain volume change (0.53)
pncA,Rv2043c,pyrazinamide,V21G,21,V,G,0.99567467,0,-4,50,1.3894285714285717,0,0,0.5714285714285714,0,0,at core drug-binding residue; large side-chain volume change (0.57)
gyrA,Rv0006,fluoroquinolones,V97G,97,V,G,0.99567467,0,-4,50,1.3894285714285717,0,0,0.5714285714285714,0,0,at core drug-binding residue; large side-chain volume change (0.57)
embB,Rv3795,ethambutol,W349S,349,W,S,0.99566984,0,-4,50,0.46489473684210525,0,0,0.6096491228070176,0,0,at core drug-binding residue; large side-chain volume change (0.61)
embB,Rv3795,ethambutol,V369A,369,V,A,0.9955575,1,0,64,0.6612857142857144,0,0,0.36428571428571427,0,0,at core drug-binding residue; transition mutation (highly accessible in TB); large side-chain volume change (0.36); chemically similar (BLOSUM62=0)
embB,Rv3795,ethambutol,W332S,332,W,S,0.9955005,0,-4,50,0.46489473684210525,0,0,0.6096491228070176,0,0,at core drug-binding residue; large side-chain volume change (0.61)
embB,Rv3795,ethambutol,W322S,322,W,S,0.9955005,0,-4,50,0.46489473684210525,0,0,0.6096491228070176,0,0,at core drug-binding residue; large side-chain volume change (0.61)
embB,Rv3795,ethambutol,V360A,360,V,A,0.9954549,1,0,64,0.6612857142857144,0,0,0.36428571428571427,0,0,at core drug-binding residue; transition mutation (highly accessible in TB); large side-chain volume change (0.36); chemically similar (BLOSUM62=0)
pncA,Rv2043c,pyrazinamide,Y64S,64,Y,S,0.99535793,0,-4,50,0.47765803108808297,0,0,0.538860103626943,0,0,at core drug-binding residue; large side-chain volume change (0.54)
embB,Rv3795,ethambutol,A356V,356,A,V,0.99531555,1,0,64,0.6612857142857144,0,0,0.36428571428571427,0,0,at core drug-binding residue; transition mutation (highly accessible in TB); large side-chain volume change (0.36); chemically similar (BLOSUM62=0)
embB,Rv3795,ethambutol,A357V,357,A,V,0.99531555,1,0,64,0.6612857142857144,0,0,0.36428571428571427,0,0,at core drug-binding residue; transition mutation (highly accessible in TB); large side-chain volume change (0.36); chemically similar (BLOSUM62=0)
embB,Rv3795,ethambutol,V343A,343,V,A,0.99531555,1,0,64,0.6612857142857144,0,0,0.36428571428571427,0,0,at core drug-binding residue; transition mutation (highly accessible in TB); large side-chain volume change (0.36); chemically similar (BLOSUM62=0)
rpsL,Rv0682,streptomycin,V37A,37,V,A,0.99531555,1,0,64,0.6612857142857144,0,0,0.36428571428571427,0,0,at core drug-binding residue; transition mutation (highly accessible in TB); large side-chain volume change (0.36); chemically similar (BLOSUM62=0)
embB,Rv3795,ethambutol,A346V,346,A,V,0.99531555,1,0,64,0.6612857142857144,0,0,0.36428571428571427,0,0,at core drug-binding residue; transition mutation (highly accessible in TB); large side-chain volume change (0.36); chemically similar (BLOSUM62=0)
embB,Rv3795,ethambutol,A338V,338,A,V,0.99531555,1,0,64,0.6612857142857144,0,0,0.36428571428571427,0,0,at core drug-binding residue; transition mutation (highly accessible in TB); large side-chain volume change (0.36); chemically similar (BLOSUM62=0)
embB,Rv3795,ethambutol,A307V,307,A,V,0.9952642,1,0,64,0.6612857142857144,0,0,0.36428571428571427,0,0,at core drug-binding residue; transition mutation (highly accessible in TB); large side-chain volume change (0.36); chemically similar (BLOSUM62=0)
embB,Rv3795,ethambutol,A310V,310,A,V,0.9952642,1,0,64,0.6612857142857144,0,0,0.36428571428571427,0,0,at core drug-binding residue; transition mutation (highly accessible in TB); large side-chain volume change (0.36); chemically similar (BLOSUM62=0)
embB,Rv3795,ethambutol,A313V,313,A,V,0.9952642,1,0,64,0.6612857142857144,0,0,0.36428571428571427,0,0,at core drug-binding residue; transition mutation (highly accessible in TB); large side-chain volume change (0.36); chemically similar (BLOSUM62=0)
embB,Rv3795,ethambutol,V309A,309,V,A,0.9952642,1,0,64,0.6612857142857144,0,0,0.36428571428571427,0,0,at core drug-binding residue; transition mutation (highly accessible in TB); large side-chain volume change (0.36); chemically similar (BLOSUM62=0)
katG,Rv1908c,isoniazid,K274T,274,K,T,0.99522394,0,-4,50,1.498857142857143,0,1,0.30952380952380953,0,0,at core drug-binding residue; charge-changing mutation (may alter drug binding); large side-chain volume change (0.31)
pncA,Rv2043c,pyrazinamide,V7G,7,V,G,0.9952095,0,-4,50,1.3894285714285717,0,0,0.5714285714285714,0,0,at core drug-binding residue; large side-chain volume change (0.57)
pncA,Rv2043c,pyrazinamide,V9G,9,V,G,0.9952095,0,-4,50,1.3894285714285717,0,0,0.5714285714285714,0,0,at core drug-binding residue; large side-chain volume change (0.57)
pncA,Rv2043c,pyrazinamide,G16V,16,G,V,0.9952095,0,-4,50,1.3894285714285717,0,0,0.5714285714285714,0,0,at core drug-binding residue; large side-chain volume change (0.57)
pncA,Rv2043c,pyrazinamide,G17V,17,G,V,0.9952095,0,-4,50,1.3894285714285717,0,0,0.5714285714285714,0,0,at core drug-binding residue; large side-chain volume change (0.57)
gyrA,Rv0006,fluoroquinolones,G82V,82,G,V,0.9952095,0,-4,50,1.3894285714285717,0,0,0.5714285714285714,0,0,at core drug-binding residue; large side-chain volume change (0.57)
gyrA,Rv0006,fluoroquinolones,V77G,77,V,G,0.9952095,0,-4,50,1.3894285714285717,0,0,0.5714285714285714,0,0,at core drug-binding residue; large side-chain volume change (0.57)
gyrA,Rv0006,fluoroquinolones,G88V,88,G,V,0.9952095,0,-4,50,1.3894285714285717,0,0,0.5714285714285714,0,0,at core drug-binding residue; large side-chain volume change (0.57)
gyrA,Rv0006,fluoroquinolones,Y84H,84,Y,H,0.99516857,1,-4,50,1.204176165803109,0,1,0.20725388601036268,0,0,at core drug-binding residue; charge-changing mutation (may alter drug binding); transition mutation (highly accessible in TB)
gyrA,Rv0006,fluoroquinolones,H87Y,87,H,Y,0.99516857,1,-4,50,1.204176165803109,0,1,0.20725388601036268,0,0,at core drug-binding residue; charge-changing mutation (may alter drug binding); transition mutation (highly accessible in TB)
gyrA,Rv0006,fluoroquinolones,H85Y,85,H,Y,0.99516857,1,-4,50,1.204176165803109,0,1,0.20725388601036268,0,0,at core drug-binding residue; charge-changing mutation (may alter drug binding); transition mutation (highly accessible in TB)
rpoB,Rv0667,rifampicin,D435G,435,D,G,0.99507976,1,-1,50,1.3958378378378382,0,1,0.4594594594594595,1,0,at core drug-binding residue; charge-changing mutation (may alter drug binding); transition mutation (highly accessible in TB); large side-chain volume change (0.46)
rpoB,Rv0667,rifampicin,Q432R,432,Q,R,0.9948127,1,1,50,0.7280231213872832,0,1,0.17341040462427745,0,0,at core drug-binding residue; charge-changing mutation (may alter drug binding); transition mutation (highly accessible in TB); chemically similar (BLOSUM62=1)
embB,Rv3795,ethambutol,R403Q,403,R,Q,0.9948127,1,1,50,0.7280231213872832,0,1,0.17341040462427745,0,0,at core drug-binding residue; charge-changing mutation (may alter drug binding); transition mutation (highly accessible in TB); chemically similar (BLOSUM62=1)
gyrA,Rv0006,fluoroquinolones,S95I,95,S,I,0.9947819,0,-4,50,1.462119760479042,0,0,0.46706586826347307,1,0,at core drug-binding residue; large side-chain volume change (0.47)
rpoB,Rv0667,rifampicin,G426D,426,G,D,0.9947489,1,-1,50,1.3958378378378382,0,1,0.4594594594594595,1,0,at core drug-binding residue; charge-changing mutation (may alter drug binding); transition mutation (highly accessible in TB); large side-chain volume change (0.46)
embB,Rv3795,ethambutol,G401D,401,G,D,0.9947489,1,-1,50,1.3958378378378382,0,1,0.4594594594594595,1,0,at core drug-binding residue; charge-changing mutation (may alter drug binding); transition mutation (highly accessible in TB); large side-chain volume change (0.46)
pncA,Rv2043c,pyrazinamide,S59Y,59,S,Y,0.9947431,0,-4,50,0.47765803108808297,0,0,0.538860103626943,0,0,at core drug-binding residue; large side-chain volume change (0.54)
embB,Rv3795,ethambutol,S366L,366,S,L,0.99470854,1,-4,50,1.3481197604790418,0,0,0.46706586826347307,1,0,at core drug-binding residue; transition mutation (highly accessible in TB); large side-chain volume change (0.47)
