tier,label,mutation,gene,rank,emergence_score,n_carriers,n_phenotyped,resistant,susceptible,resistance_frac,odds_ratio,pvalue_fdr,drug_distance,drug,structure,residue_pos
4,Forecast-only,G88D,gyrA,29,0.4225,0,0,0,0,,,,3.943392412866397,MFX,Co-crystal 5BS8/5BTC (MFX),88
4,Forecast-only,G88S,gyrA,30,0.4181,0,0,0,0,,,,3.943392412866397,MFX,Co-crystal 5BS8/5BTC (MFX),88
4,Forecast-only,V170I,rpoB,47,0.3746,0,0,0,0,,,,3.970504266268814,RIF,Co-crystal 5UHB (RIF),170
4,Forecast-only,S91L,gyrA,59,0.3428,0,0,0,0,,,,4.381251429975644,MFX,Co-crystal 5BS8/5BTC (MFX),91
4,Forecast-only,A90S,gyrA,74,0.2983,0,0,0,0,,,,2.2744993901292325,MFX,Co-crystal 5BS8/5BTC (MFX),90
4,Forecast-only,A90G,gyrA,118,0.248,0,0,0,0,,,,2.2744993901292325,MFX,Co-crystal 5BS8/5BTC (MFX),90
4,Forecast-only,S450T,rpoB,123,0.2436,0,0,0,0,,,,3.231583808933658,RIF,Co-crystal 5UHB (RIF),450
4,Forecast-only,I491N,rpoB,124,0.2399,0,0,0,0,,,,3.254174562707113,RIF,Co-crystal 5UHB (RIF),491
4,Forecast-only,A90P,gyrA,125,0.2385,0,0,0,0,,,,2.2744993901292325,MFX,Co-crystal 5BS8/5BTC (MFX),90
4,Forecast-only,V170D,rpoB,130,0.2358,0,0,0,0,,,,3.970504266268814,RIF,Co-crystal 5UHB (RIF),170
4,Forecast-only,Q538L,gyrB,131,0.2337,0,0,0,0,,,,1.34,MFX,AlphaFold (dock MFX),538
4,Forecast-only,L452R,rpoB,132,0.2331,0,0,0,0,,,,4.298147502599544,RIF,Co-crystal 5UHB (RIF),452
4,Forecast-only,P483R,rpoB,140,0.2265,0,0,0,0,,,,2.5282041487860103,RIF,Co-crystal 5UHB (RIF),483
4,Forecast-only,L430M,rpoB,141,0.2253,0,0,0,0,,,,3.7545694025458505,RIF,Co-crystal 5UHB (RIF),430
4,Forecast-only,G88R,gyrA,142,0.2224,0,0,0,0,,,,3.943392412866397,MFX,Co-crystal 5BS8/5BTC (MFX),88
4,Forecast-only,P483H,rpoB,144,0.2202,0,0,0,0,,,,2.5282041487860103,RIF,Co-crystal 5UHB (RIF),483
4,Forecast-only,L430Q,rpoB,146,0.2186,0,0,0,0,,,,3.7545694025458505,RIF,Co-crystal 5UHB (RIF),430
4,Forecast-only,Q538E,gyrB,149,0.2153,0,0,0,0,,,,1.34,MFX,AlphaFold (dock MFX),538
4,Forecast-only,Q538P,gyrB,153,0.2125,0,0,0,0,,,,1.34,MFX,AlphaFold (dock MFX),538
4,Forecast-only,L430V,rpoB,157,0.2109,0,0,0,0,,,,3.7545694025458505,RIF,Co-crystal 5UHB (RIF),430
4,Forecast-only,P483T,rpoB,158,0.2104,0,0,0,0,,,,2.5282041487860103,RIF,Co-crystal 5UHB (RIF),483
4,Forecast-only,Q538K,gyrB,164,0.2093,0,0,0,0,,,,1.34,MFX,AlphaFold (dock MFX),538
4,Forecast-only,S91A,gyrA,170,0.206,0,0,0,0,,,,4.381251429975644,MFX,Co-crystal 5BS8/5BTC (MFX),91
4,Forecast-only,L452M,rpoB,181,0.1995,0,0,0,0,,,,4.298147502599544,RIF,Co-crystal 5UHB (RIF),452
4,Forecast-only,Q538H,gyrB,183,0.1972,0,0,0,0,,,,1.34,MFX,AlphaFold (dock MFX),538
4,Forecast-only,P483A,rpoB,189,0.191,0,0,0,0,,,,2.5282041487860103,RIF,Co-crystal 5UHB (RIF),483
4,Forecast-only,V170L,rpoB,202,0.1836,0,0,0,0,,,,3.970504266268814,RIF,Co-crystal 5UHB (RIF),170
4,Forecast-only,S91T,gyrA,204,0.1815,0,0,0,0,,,,4.381251429975644,MFX,Co-crystal 5BS8/5BTC (MFX),91
4,Forecast-only,G88V,gyrA,207,0.1669,0,0,0,0,,,,3.943392412866397,MFX,Co-crystal 5BS8/5BTC (MFX),88
4,Forecast-only,V170G,rpoB,212,0.1463,0,0,0,0,,,,3.970504266268814,RIF,Co-crystal 5UHB (RIF),170
4,Forecast-only,S91W,gyrA,213,0.1371,0,0,0,0,,,,4.381251429975644,MFX,Co-crystal 5BS8/5BTC (MFX),91
4,Forecast-only,Q432R,rpoB,225,0.0911,0,0,0,0,,,,2.3867468208744174,RIF,Co-crystal 5UHB (RIF),432
