residue_pos,wt_codon,wt_aa,mut_codon,mut_aa,mutation,n_nuc_changes,is_transition,codon_position,blosum62,grantham,rel_position,near_terminus,is_known_hotspot,min_dist_to_known_residue,gene,locus,drug,is_positive,at_hotspot,source
170,GTC,V,TTC,F,V170F,1,0,0,-4,50,0.14505119453924914,0,1,0,rpoB,Rv0667,rifampicin,1,1,
430,CTG,L,CCG,P,L430P,1,1,1,-4,50,0.36689419795221845,0,1,0,rpoB,Rv0667,rifampicin,1,1,
435,GAC,D,TAC,Y,D435Y,1,0,0,-3,50,0.371160409556314,0,1,0,rpoB,Rv0667,rifampicin,1,1,
435,GAC,D,GTC,V,D435V,1,0,1,-3,50,0.371160409556314,0,1,0,rpoB,Rv0667,rifampicin,1,1,
445,CAC,H,TAC,Y,H445Y,1,1,0,-4,50,0.3796928327645051,0,1,0,rpoB,Rv0667,rifampicin,1,1,
445,CAC,H,GAC,D,H445D,1,0,0,-1,50,0.3796928327645051,0,1,0,rpoB,Rv0667,rifampicin,1,1,
450,TCG,S,TTG,L,S450L,1,1,1,-4,50,0.3839590443686007,0,1,0,rpoB,Rv0667,rifampicin,1,1,
450,TCG,S,TGG,W,S450W,1,0,1,-4,50,0.3839590443686007,0,1,0,rpoB,Rv0667,rifampicin,1,1,
452,CTG,L,CCG,P,L452P,1,1,1,-4,50,0.3856655290102389,0,1,0,rpoB,Rv0667,rifampicin,1,1,
491,ATC,I,TTC,F,I491F,1,0,0,-4,50,0.4189419795221843,0,1,0,rpoB,Rv0667,rifampicin,1,1,
315,AGC,S,AAC,N,S315N,1,1,1,1,50,0.42567567567567566,0,1,0,katG,Rv1908c,isoniazid,1,1,
315,AGC,S,ATC,I,S315I,1,0,1,-4,50,0.42567567567567566,0,1,0,katG,Rv1908c,isoniazid,1,1,
315,AGC,S,ACC,T,S315T,1,0,1,-4,50,0.42567567567567566,0,1,0,katG,Rv1908c,isoniazid,1,1,
306,ATG,M,TTG,L,M306L,1,0,0,-4,50,0.2786885245901639,0,1,0,embB,Rv3795,ethambutol,1,1,
306,ATG,M,GTG,V,M306V,1,1,0,-4,50,0.2786885245901639,0,1,0,embB,Rv3795,ethambutol,1,1,
306,ATG,M,CTG,L,M306L,1,0,0,-4,50,0.2786885245901639,0,1,0,embB,Rv3795,ethambutol,1,1,
306,ATG,M,ATA,I,M306I,1,1,2,-4,50,0.2786885245901639,0,1,0,embB,Rv3795,ethambutol,1,1,
306,ATG,M,ATT,I,M306I,1,0,2,-4,50,0.2786885245901639,0,1,0,embB,Rv3795,ethambutol,1,1,
306,ATG,M,ATC,I,M306I,1,0,2,-4,50,0.2786885245901639,0,1,0,embB,Rv3795,ethambutol,1,1,
406,GGC,G,GAC,D,G406D,1,1,1,-1,50,0.3697632058287796,0,1,0,embB,Rv3795,ethambutol,1,1,
406,GGC,G,GCC,A,G406A,1,0,1,0,60,0.3697632058287796,0,1,0,embB,Rv3795,ethambutol,1,1,
497,CAG,Q,CGG,R,Q497R,1,1,1,1,50,0.45264116575591984,0,1,0,embB,Rv3795,ethambutol,1,1,
90,GCG,A,GTG,V,A90V,1,1,1,0,64,0.10739856801909307,0,1,0,gyrA,Rv0006,fluoroquinolones,1,1,
91,TCG,S,CCG,P,S91P,1,1,0,-4,50,0.10859188544152745,0,1,0,gyrA,Rv0006,fluoroquinolones,1,1,
94,GAC,D,AAC,N,D94N,1,1,0,1,50,0.11217183770883055,0,1,0,gyrA,Rv0006,fluoroquinolones,1,1,
94,GAC,D,TAC,Y,D94Y,1,0,0,-3,50,0.11217183770883055,0,1,0,gyrA,Rv0006,fluoroquinolones,1,1,
94,GAC,D,GGC,G,D94G,1,1,1,-1,50,0.11217183770883055,0,1,0,gyrA,Rv0006,fluoroquinolones,1,1,
4,TTG,L,TCG,S,L4S,1,1,1,-4,50,0.021505376344086023,1,1,0,pncA,Rv2043c,pyrazinamide,1,1,
10,CAG,Q,CCG,P,Q10P,1,0,1,-1,50,0.053763440860215055,1,1,0,pncA,Rv2043c,pyrazinamide,1,1,
12,GAC,D,GGC,G,D12G,1,1,1,-1,50,0.06451612903225806,0,1,0,pncA,Rv2043c,pyrazinamide,1,1,
125,GTC,V,GGC,G,V125G,1,0,1,-4,50,0.6720430107526881,0,1,0,pncA,Rv2043c,pyrazinamide,1,1,
43,AAG,K,AGG,R,K43R,1,1,1,2,50,0.3467741935483871,0,1,0,rpsL,Rv0682,streptomycin,1,1,
88,AAG,K,AGG,R,K88R,1,1,1,2,50,0.7096774193548387,0,1,0,rpsL,Rv0682,streptomycin,1,1,
387,GCG,A,GAG,E,A387E,1,0,1,-1,62,0.3524590163934426,0,0,19,embB,Rv3795,ethambutol,0,0,non_hotspot
324,GGC,G,AGC,S,G324S,1,1,0,-4,50,0.29508196721311475,0,0,18,embB,Rv3795,ethambutol,0,0,non_hotspot
145,CGC,R,CTC,L,R145L,1,0,1,-2,50,0.36069651741293535,0,0,1000,eis,Rv2416c,aminoglycosides,0,0,non_hotspot
160,CAA,Q,TAA,*,Q160*,1,1,0,-4,50,0.23703703703703705,0,0,378,gyrB,Rv0005,fluoroquinolones,0,0,non_hotspot
337,CTG,L,CCG,P,L337P,1,1,1,-4,50,0.4021479713603819,0,0,243,gyrA,Rv0006,fluoroquinolones,0,0,non_hotspot
235,GCG,A,GGG,G,A235G,1,0,1,0,60,0.21402550091074682,0,0,71,embB,Rv3795,ethambutol,0,0,non_hotspot
345,GGT,G,CGT,R,G345R,1,0,0,-2,50,0.29436860068259385,0,0,85,rpoB,Rv0667,rifampicin,0,0,non_hotspot
13,GAG,E,GTG,V,E13V,1,0,1,-2,50,0.07878787878787878,0,0,1000,mmpR5,Rv0678,bedaquiline,0,0,non_hotspot
54,CGC,R,TGC,C,R54C,1,1,0,-3,50,0.43548387096774194,0,0,11,rpsL,Rv0682,streptomycin,0,0,non_hotspot
160,GTG,V,GAG,E,V160E,1,0,1,-2,50,0.1909307875894988,0,0,66,gyrA,Rv0006,fluoroquinolones,0,0,non_hotspot
328,GCC,A,TCC,S,A328S,1,0,0,1,22,0.29981718464351004,0,0,1000,embA,Rv3794,ethambutol,0,0,non_hotspot
43,GAG,E,GAT,D,E43D,1,0,2,2,50,0.03668941979522184,0,0,127,rpoB,Rv0667,rifampicin,0,0,non_hotspot
121,ATG,M,ATC,I,M121I,1,0,2,-4,50,0.10324232081911262,0,0,49,rpoB,Rv0667,rifampicin,0,0,non_hotspot
524,TAC,Y,GAC,D,Y524D,1,0,0,-3,50,0.447098976109215,0,0,33,rpoB,Rv0667,rifampicin,0,0,non_hotspot
52,ACC,T,ATC,I,T52I,1,1,1,-4,50,0.04436860068259386,0,0,118,rpoB,Rv0667,rifampicin,0,0,non_hotspot
716,GCC,A,GTC,V,A716V,1,1,1,0,64,0.6109215017064846,0,0,225,rpoB,Rv0667,rifampicin,0,0,non_hotspot
85,CAC,H,CTC,L,H85L,1,0,1,-4,50,0.10143198090692124,0,0,5,gyrA,Rv0006,fluoroquinolones,0,0,non_hotspot
259,GAC,D,TAC,Y,D259Y,1,0,0,-3,50,0.35,0,0,56,katG,Rv1908c,isoniazid,0,0,non_hotspot
151,GAT,D,GGT,G,D151G,1,1,1,-1,50,0.1801909307875895,0,0,57,gyrA,Rv0006,fluoroquinolones,0,0,non_hotspot
97,TTC,F,TTG,L,F97L,1,0,2,-4,50,0.36059479553903345,0,0,1000,inhA,Rv1484,isoniazid,0,0,non_hotspot
28,TAC,Y,TGC,C,Y28C,1,1,1,-2,50,0.03341288782816229,0,0,62,gyrA,Rv0006,fluoroquinolones,0,0,non_hotspot
10,GAC,D,AAC,N,D10N,1,1,0,1,50,0.014814814814814815,1,0,528,gyrB,Rv0005,fluoroquinolones,0,0,non_hotspot
118,GGT,G,TGT,C,G118C,1,0,0,-3,50,0.1748148148148148,0,0,420,gyrB,Rv0005,fluoroquinolones,0,0,non_hotspot
613,TTG,L,TTT,F,L613F,1,0,2,-4,50,0.558287795992714,0,0,116,embB,Rv3795,ethambutol,0,0,non_hotspot
112,CAG,Q,CAT,H,Q112H,1,0,2,0,50,0.10200364298724955,0,0,194,embB,Rv3795,ethambutol,0,0,non_hotspot
91,ATG,M,ATT,I,M91I,1,0,2,-4,50,0.08287795992714025,0,0,215,embB,Rv3795,ethambutol,0,0,non_hotspot
361,GTG,V,GGG,G,V361G,1,0,1,-4,50,0.329981718464351,0,0,1000,embA,Rv3794,ethambutol,0,0,non_hotspot
662,CGT,R,CAT,H,R662H,1,1,1,0,50,0.5648464163822525,0,0,171,rpoB,Rv0667,rifampicin,0,0,non_hotspot
651,CTG,L,CAG,Q,L651Q,1,0,1,-2,50,0.9644444444444444,0,0,113,gyrB,Rv0005,fluoroquinolones,0,0,non_hotspot
166,GCG,A,ACG,T,A166T,1,1,0,0,43,0.39618138424821003,0,0,1000,tap,Rv1258c,aminoglycosides,0,0,non_hotspot
370,CAG,Q,AAG,K,Q370K,1,0,0,1,50,0.5481481481481482,0,0,168,gyrB,Rv0005,fluoroquinolones,0,0,non_hotspot
76,CAA,Q,CAC,H,Q76H,1,0,2,0,50,0.46060606060606063,0,0,1000,mmpR5,Rv0678,bedaquiline,0,0,non_hotspot
1093,AAG,K,AAT,N,K1093N,1,0,2,0,50,0.9954462659380692,1,0,596,embB,Rv3795,ethambutol,0,0,non_hotspot
60,CAG,Q,CTG,L,Q60L,1,0,1,-2,50,0.4838709677419355,0,0,17,rpsL,Rv0682,streptomycin,0,0,non_hotspot
682,AAC,N,AAA,K,N682K,1,0,2,0,50,0.623400365630713,0,0,1000,embA,Rv3794,ethambutol,0,0,non_hotspot
64,TTC,F,TAC,Y,F64Y,1,0,1,-4,50,0.07637231503579953,0,0,26,gyrA,Rv0006,fluoroquinolones,0,0,non_hotspot
301,GGC,G,CGC,R,G301R,1,0,0,-2,50,0.27413479052823314,0,0,5,embB,Rv3795,ethambutol,0,0,non_hotspot
986,ACG,T,GCG,A,T986A,1,1,0,0,43,0.841296928327645,0,0,495,rpoB,Rv0667,rifampicin,0,0,non_hotspot
1051,TAT,Y,GAT,D,Y1051D,1,0,0,-3,50,0.9606946983546618,0,0,1000,embA,Rv3794,ethambutol,0,0,non_hotspot
545,GAC,D,GAG,E,D545E,1,0,2,2,50,0.46501706484641636,0,0,54,rpoB,Rv0667,rifampicin,0,0,non_hotspot
346,CTA,L,ATA,I,L346I,1,0,0,-4,50,0.4128878281622912,0,0,252,gyrA,Rv0006,fluoroquinolones,0,0,non_hotspot
459,CGT,R,CAT,H,R459H,1,1,1,0,50,0.3916382252559727,0,0,7,rpoB,Rv0667,rifampicin,0,0,non_hotspot
81,TTC,F,TAC,Y,F81Y,1,0,1,-4,50,0.43548387096774194,0,0,44,pncA,Rv2043c,pyrazinamide,0,0,non_hotspot
133,TTC,F,TCC,S,F133S,1,1,1,-4,50,0.11348122866894197,0,0,37,rpoB,Rv0667,rifampicin,0,0,non_hotspot
285,TCA,S,TGA,*,S285*,1,0,1,-4,50,0.2431740614334471,0,0,115,rpoB,Rv0667,rifampicin,0,0,non_hotspot
553,GAC,D,GAA,E,D553E,1,0,2,2,50,0.6599045346062052,0,0,459,gyrA,Rv0006,fluoroquinolones,0,0,non_hotspot
372,CGC,R,TGC,C,R372C,1,1,0,-3,50,0.33879781420765026,0,0,34,embB,Rv3795,ethambutol,0,0,non_hotspot
943,GCC,A,GAC,D,A943D,1,0,1,-2,61,0.8619744058500914,0,0,1000,embA,Rv3794,ethambutol,0,0,non_hotspot
405,GCG,A,ACG,T,A405T,1,1,0,0,43,0.3455631399317406,0,0,25,rpoB,Rv0667,rifampicin,0,0,non_hotspot
10,GAC,D,AAC,N,D10N,1,1,0,1,50,0.011933174224343675,1,0,80,gyrA,Rv0006,fluoroquinolones,0,0,non_hotspot
511,AAA,K,AGA,R,K511R,1,1,1,2,50,0.465391621129326,0,0,14,embB,Rv3795,ethambutol,0,0,non_hotspot
304,TAT,Y,GAT,D,Y304D,1,0,0,-3,50,0.41081081081081083,0,0,11,katG,Rv1908c,isoniazid,0,0,non_hotspot
442,CTG,L,CGG,R,L442R,1,0,1,-2,50,0.6548148148148148,0,0,96,gyrB,Rv0005,fluoroquinolones,0,0,non_hotspot
160,CAA,Q,CGA,R,Q160R,1,1,1,1,50,0.23703703703703705,0,0,378,gyrB,Rv0005,fluoroquinolones,0,0,non_hotspot
297,GAG,E,GCG,A,E297A,1,0,1,-1,62,0.25341296928327645,0,0,127,rpoB,Rv0667,rifampicin,0,0,non_hotspot
460,GCC,A,GAC,D,A460D,1,0,1,-2,61,0.42047531992687387,0,0,1000,embA,Rv3794,ethambutol,0,0,non_hotspot
115,TAC,Y,TTC,F,Y115F,1,0,1,-4,50,0.4291044776119403,0,0,1000,tlyA,Rv1694,capreomycin,0,0,non_hotspot
367,GCC,A,GTC,V,A367V,1,1,1,0,64,0.8758949880668258,0,0,1000,tap,Rv1258c,aminoglycosides,0,0,non_hotspot
37,AAC,N,AGC,S,N37S,1,1,1,1,50,0.033820840950639856,0,0,1000,embA,Rv3794,ethambutol,0,0,non_hotspot
10,CAG,Q,AAG,K,Q10K,1,0,0,1,50,0.053763440860215055,1,1,0,pncA,Rv2043c,pyrazinamide,0,1,hotspot_proximal
170,GTC,V,GCC,A,V170A,1,1,1,0,64,0.14505119453924914,0,1,0,rpoB,Rv0667,rifampicin,0,1,hotspot_proximal
306,ATG,M,ACG,T,M306T,1,1,1,-4,50,0.2786885245901639,0,1,0,embB,Rv3795,ethambutol,0,1,hotspot_proximal
306,ATG,M,AAG,K,M306K,1,0,1,-4,50,0.2786885245901639,0,1,0,embB,Rv3795,ethambutol,0,1,hotspot_proximal
435,GAC,D,CAC,H,D435H,1,0,0,-1,50,0.371160409556314,0,1,0,rpoB,Rv0667,rifampicin,0,1,hotspot_proximal
497,CAG,Q,AAG,K,Q497K,1,0,0,1,50,0.45264116575591984,0,1,0,embB,Rv3795,ethambutol,0,1,hotspot_proximal
88,AAG,K,GAG,E,K88E,1,1,0,1,50,0.7096774193548387,0,1,0,rpsL,Rv0682,streptomycin,0,1,hotspot_proximal
315,AGC,S,GGC,G,S315G,1,1,0,-4,50,0.42567567567567566,0,1,0,katG,Rv1908c,isoniazid,0,1,hotspot_proximal
538,CAA,Q,TAA,*,Q538*,1,1,0,-4,50,0.797037037037037,0,1,0,gyrB,Rv0005,fluoroquinolones,0,1,hotspot_proximal
435,GAC,D,GGC,G,D435G,1,1,1,-1,50,0.371160409556314,0,1,0,rpoB,Rv0667,rifampicin,0,1,hotspot_proximal
406,GGC,G,CGC,R,G406R,1,0,0,-2,50,0.3697632058287796,0,1,0,embB,Rv3795,ethambutol,0,1,hotspot_proximal
452,CTG,L,GTG,V,L452V,1,0,0,-4,50,0.3856655290102389,0,1,0,rpoB,Rv0667,rifampicin,0,1,hotspot_proximal
12,GAC,D,GCC,A,D12A,1,0,1,-2,61,0.06451612903225806,0,1,0,pncA,Rv2043c,pyrazinamide,0,1,hotspot_proximal
497,CAG,Q,CAC,H,Q497H,1,0,2,0,50,0.45264116575591984,0,1,0,embB,Rv3795,ethambutol,0,1,hotspot_proximal
445,CAC,H,CCC,P,H445P,1,0,1,-4,50,0.3796928327645051,0,1,0,rpoB,Rv0667,rifampicin,0,1,hotspot_proximal
170,GTC,V,ATC,I,V170I,1,1,0,-4,50,0.14505119453924914,0,1,0,rpoB,Rv0667,rifampicin,0,1,hotspot_proximal
90,GCG,A,CCG,P,A90P,1,0,0,-1,27,0.10739856801909307,0,1,0,gyrA,Rv0006,fluoroquinolones,0,1,hotspot_proximal
10,CAG,Q,GAG,E,Q10E,1,0,0,2,50,0.053763440860215055,1,1,0,pncA,Rv2043c,pyrazinamide,0,1,hotspot_proximal
88,AAG,K,TAG,*,K88*,1,0,0,-4,50,0.7096774193548387,0,1,0,rpsL,Rv0682,streptomycin,0,1,hotspot_proximal
125,GTC,V,GAC,D,V125D,1,0,1,-3,50,0.6720430107526881,0,1,0,pncA,Rv2043c,pyrazinamide,0,1,hotspot_proximal
12,GAC,D,GTC,V,D12V,1,0,1,-3,50,0.06451612903225806,0,1,0,pncA,Rv2043c,pyrazinamide,0,1,hotspot_proximal
10,CAG,Q,CAT,H,Q10H,1,0,2,0,50,0.053763440860215055,1,1,0,pncA,Rv2043c,pyrazinamide,0,1,hotspot_proximal
94,GAC,D,GAA,E,D94E,1,0,2,2,50,0.11217183770883055,0,1,0,gyrA,Rv0006,fluoroquinolones,0,1,hotspot_proximal
435,GAC,D,GCC,A,D435A,1,0,1,-2,61,0.371160409556314,0,1,0,rpoB,Rv0667,rifampicin,0,1,hotspot_proximal
445,CAC,H,AAC,N,H445N,1,0,0,1,50,0.3796928327645051,0,1,0,rpoB,Rv0667,rifampicin,0,1,hotspot_proximal
94,GAC,D,GAG,E,D94E,1,0,2,2,50,0.11217183770883055,0,1,0,gyrA,Rv0006,fluoroquinolones,0,1,hotspot_proximal
491,ATC,I,AAC,N,I491N,1,0,1,-3,50,0.4189419795221843,0,1,0,rpoB,Rv0667,rifampicin,0,1,hotspot_proximal
450,TCG,S,TAG,*,S450*,1,0,1,-4,50,0.3839590443686007,0,1,0,rpoB,Rv0667,rifampicin,0,1,hotspot_proximal
90,GCG,A,TCG,S,A90S,1,0,0,1,22,0.10739856801909307,0,1,0,gyrA,Rv0006,fluoroquinolones,0,1,hotspot_proximal
450,TCG,S,GCG,A,S450A,1,0,0,1,22,0.3839590443686007,0,1,0,rpoB,Rv0667,rifampicin,0,1,hotspot_proximal
91,TCG,S,TTG,L,S91L,1,1,1,-4,50,0.10859188544152745,0,1,0,gyrA,Rv0006,fluoroquinolones,0,1,hotspot_proximal
88,AAG,K,AAT,N,K88N,1,0,2,0,50,0.7096774193548387,0,1,0,rpsL,Rv0682,streptomycin,0,1,hotspot_proximal
4,TTG,L,TGG,W,L4W,1,0,1,-4,50,0.021505376344086023,1,1,0,pncA,Rv2043c,pyrazinamide,0,1,hotspot_proximal
491,ATC,I,CTC,L,I491L,1,0,0,-4,50,0.4189419795221843,0,1,0,rpoB,Rv0667,rifampicin,0,1,hotspot_proximal
10,CAG,Q,TAG,*,Q10*,1,1,0,-4,50,0.053763440860215055,1,1,0,pncA,Rv2043c,pyrazinamide,0,1,hotspot_proximal
435,GAC,D,AAC,N,D435N,1,1,0,1,50,0.371160409556314,0,1,0,rpoB,Rv0667,rifampicin,0,1,hotspot_proximal
491,ATC,I,ACC,T,I491T,1,1,1,-4,50,0.4189419795221843,0,1,0,rpoB,Rv0667,rifampicin,0,1,hotspot_proximal
94,GAC,D,CAC,H,D94H,1,0,0,-1,50,0.11217183770883055,0,1,0,gyrA,Rv0006,fluoroquinolones,0,1,hotspot_proximal
94,GAC,D,GCC,A,D94A,1,0,1,-2,61,0.11217183770883055,0,1,0,gyrA,Rv0006,fluoroquinolones,0,1,hotspot_proximal
452,CTG,L,CGG,R,L452R,1,0,1,-2,50,0.3856655290102389,0,1,0,rpoB,Rv0667,rifampicin,0,1,hotspot_proximal
