clinical_rank,gene,mutation,emergence_score,hotspot_score,is_known_resistance,blosum62,charge_change,is_transition
1,embB,G406D,0.6273,0.9805,1,-1,1,1
2,pncA,D12G,0.6197,0.9687,1,-1,1,1
3,inhA,I95T,0.6133,0.9809,0,-1,0,1
4,katG,S315G,0.6119,0.9855,0,0,0,1
5,inhA,I95V,0.6114,0.9809,0,3,0,1
6,inhA,I21T,0.61,0.9759,0,-1,0,1
7,embB,G406S,0.6089,0.9805,0,0,0,1
8,embB,Q497R,0.6083,0.991,1,1,1,1
9,inhA,I21V,0.6082,0.9759,0,3,0,1
10,pncA,Q10R,0.6074,0.9895,0,1,1,1
11,embB,M306T,0.6059,0.9883,0,-1,0,1
12,inhA,V203I,0.6043,0.9697,0,3,0,1
13,inhA,S94L,0.6026,0.9892,0,-2,0,1
14,rpsL,K88R,0.601,0.9931,1,2,0,1
15,rpsL,K43R,0.5993,0.9905,1,2,0,1
16,inhA,S94P,0.598,0.9892,0,-1,0,1
17,inhA,M103T,0.5976,0.9745,0,-1,0,1
18,gyrA,A90T,0.5961,0.9724,0,0,0,1
19,pncA,V125I,0.5934,0.9521,0,3,0,1
20,katG,S315N,0.5929,0.9855,1,1,0,1
